{"cookie": 38.08000000000066, "autoclick1": 5, "autoclick2": 0, "autoclick3": 0, "prix_autoclick1": 49.76639999999999, "prix_autoclick2": 400, "prix_autoclick3": 10000, "click": 1, "x2": true, "x5": true, "x20": true, "x100": true}